{"cameraMode":{"drawMode":0,"name":"Shaded","section":"Shading Mode"},"sceneLighting":true,"audioPlay":false,"sceneViewState":{"m_AlwaysRefresh":false,"showFog":true,"showSkybox":true,"showFlares":true,"showImageEffects":true,"showParticleSystems":true,"showVisualEffectGraphs":true,"m_FxEnabled":true},"in2DMode":false,"pivot":{"x":-0.2902216911315918,"y":0.2084103375673294,"z":0.21947000920772553},"rotation":{"x":-0.13288094103336335,"y":0.7149638533592224,"z":-0.14144234359264375,"w":-0.6716873049736023},"size":0.7772620916366577,"orthographic":false}